StateName,District,Pincode
Ladakh,Kargil,194103
Ladakh,Leh,194107
Ladakh,Kargil,194105
Ladakh,Kargil,194301
Ladakh,Leh,194107
Ladakh,Kargil,194103
Ladakh,Leh,194105
Ladakh,Kargil,194102
Ladakh,Leh,194106
Ladakh,Kargil,194109
Ladakh,Leh,194401
Ladakh,Kargil,194302
Ladakh,Leh,194201
Ladakh,Kargil,194103
Ladakh,Kargil,194109
Ladakh,Kargil,194102
Ladakh,Kargil,194103
Ladakh,Leh,194104
Ladakh,Leh,194104
Ladakh,Leh,194104
Ladakh,Leh,194101
Ladakh,Leh,194104
Ladakh,Leh,194202
Ladakh,Leh,194401
Ladakh,Kargil,194102
Ladakh,Leh,194106
Ladakh,Leh,194101
Ladakh,Leh,194101
Ladakh,Kargil,194103
Ladakh,Leh,194201
Ladakh,Leh,194106
Ladakh,Kargil,194103
Ladakh,Leh,194201
Ladakh,Leh,194106
Ladakh,Leh,194202
Ladakh,Leh,194101
Ladakh,Leh,194401
Ladakh,Leh,194201
Ladakh,Leh,194202
Ladakh,Kargil,194109
Ladakh,Kargil,194103
Ladakh,Kargil,194103
Ladakh,Leh,194201
Ladakh,Kargil,194302
Ladakh,Leh,194106
Ladakh,Kargil,194109
Ladakh,Leh,194401
Ladakh,Kargil,194301
Ladakh,Leh,194401
Ladakh,Leh,194202
Ladakh,Leh,194106
Ladakh,Kargil,194301
Ladakh,Leh,194101
Ladakh,Leh,194101
Ladakh,Leh,194107
Ladakh,Kargil,194109
Ladakh,Kargil,194102
Ladakh,Leh,194104
Ladakh,Kargil,194103
Ladakh,Kargil,194109
Ladakh,Kargil,194102
Ladakh,Kargil,194303
Ladakh,Leh,194107
Ladakh,Leh,194107
Ladakh,Leh,194106
Ladakh,Leh,194202
Ladakh,Leh,194404
Ladakh,Kargil,194301
Ladakh,Kargil,194302
Ladakh,Leh,194401
Ladakh,Kargil,194102
Ladakh,Kargil,194303
Ladakh,Kargil,194303
Ladakh,Kargil,194103
Ladakh,Kargil,194303
Ladakh,Leh,194104
Ladakh,Kargil,194109
Ladakh,Leh,194201
Ladakh,Kargil,194103
Ladakh,Kargil,194109
Ladakh,Kargil,194301
Ladakh,Kargil,194301
Ladakh,Leh,194107
Ladakh,Leh,194402
Ladakh,Kargil,194103
Ladakh,Kargil,194109
Ladakh,Leh,194201
Ladakh,Kargil,194109
Ladakh,Leh,194201
Ladakh,Kargil,194103
Ladakh,Leh,194106
Ladakh,Leh,194101
Ladakh,Leh,194104
Ladakh,Kargil,194109
Ladakh,Leh,194106
Ladakh,Kargil,194103
Ladakh,Leh,194106
Ladakh,Leh,194401
Ladakh,Kargil,194103
Ladakh,Leh,194201
Ladakh,Leh,194106
Ladakh,Leh,194401
Ladakh,Kargil,194301
Ladakh,Kargil,194103
Ladakh,Kargil,194103
Ladakh,Kargil,194103
Ladakh,Leh,194401
Ladakh,Kargil,194109
Ladakh,Leh,194106
Ladakh,Kargil,194303
Ladakh,Kargil,194103
Ladakh,Kargil,194302